Survived,Pclass,Age,SibSp,Parch,Ticket,Fare,Cabin,Sex_male,Embarked_Q,Embarked_S
0,3,22.0,0.6931471805599453,0.0,523,2.1102132003465894,47,1,0,1
1,1,38.0,0.6931471805599453,0.0,596,4.2805931204649,81,0,0,0
1,3,26.0,0.0,0.0,669,2.188856327665703,47,0,0,1
1,1,35.0,0.6931471805599453,0.0,49,3.9908341858524357,55,0,0,1
0,3,35.0,0.0,0.0,472,2.2027647577118348,47,1,0,1
0,3,29.44047619047619,0.0,0.0,275,2.246892662898172,47,1,1,0
0,1,54.0,0.0,0.0,85,3.967694202798607,129,1,0,1
0,3,4.0,1.3862943611198906,0.6931471805599453,395,3.0944457464900235,47,1,0,1
1,3,27.0,0.0,1.0986122886681098,344,2.495953738718064,47,0,0,1
1,2,14.0,0.6931471805599453,0.0,132,3.436268471383741,47,0,0,0
1,3,4.0,0.6931471805599453,0.6931471805599453,616,2.8735646395797834,145,0,0,1
1,1,56.0,0.0,0.0,38,3.3160025355989236,49,0,0,1
0,3,20.0,0.0,0.0,535,2.2027647577118348,47,1,0,1
0,3,39.0,0.6931471805599453,1.0986122886681098,333,3.4742929367327062,47,1,0,1
0,3,14.0,0.0,0.0,413,2.180891922715322,47,0,0,1
1,2,55.0,0.0,0.0,153,2.833213344056216,47,0,0,1
0,3,4.0,1.3862943611198906,0.6931471805599453,480,3.405355391810819,47,1,1,0
1,2,29.44047619047619,0.0,0.0,151,2.6390573296152584,47,1,0,1
0,3,31.0,0.6931471805599453,0.0,301,2.9444389791664403,47,0,0,1
1,3,29.44047619047619,0.0,0.0,184,2.1071782966514356,47,0,0,0
0,2,35.0,0.0,0.0,139,3.295836866004329,47,1,0,1
1,2,34.0,0.0,0.0,152,2.6390573296152584,111,1,0,1
1,3,15.0,0.0,0.0,278,2.2004637699272855,47,0,1,0
1,1,28.0,0.0,0.0,42,3.597312260588446,13,1,0,1
0,3,8.0,1.3862943611198906,0.6931471805599453,395,3.0944457464900235,47,0,0,1
1,3,38.0,0.6931471805599453,1.0986122886681098,329,3.4777725458882283,47,0,0,1
0,3,29.44047619047619,0.0,0.0,179,2.1071782966514356,47,1,0,0
0,1,19.0,1.3862943611198906,1.0986122886681098,95,4.728088015994874,63,1,0,1
1,3,29.44047619047619,0.0,0.0,283,2.1837114628556327,47,0,1,0
0,3,29.44047619047619,0.0,0.0,362,2.1855792552411137,47,1,0,1
0,1,40.0,0.0,0.0,598,3.357621598945279,47,1,0,0
1,1,29.44047619047619,0.6931471805599453,0.0,586,4.728088015994874,41,0,0,0
1,3,29.44047619047619,0.0,0.0,288,2.169053700369523,47,0,1,0
0,2,56.0,0.0,0.0,549,2.4423470353692043,47,1,0,1
0,1,28.0,0.6931471805599453,0.0,600,4.420896324687287,47,1,0,0
0,1,42.0,0.6931471805599453,0.0,43,3.970291913552122,47,1,0,1
1,3,29.44047619047619,0.0,0.0,202,2.1076888046179385,47,1,0,0
0,3,21.0,0.0,0.0,514,2.2027647577118348,47,1,0,1
0,3,18.0,1.0986122886681098,0.0,302,2.9444389791664403,47,0,0,1
1,3,14.0,0.6931471805599453,0.0,186,2.5048481563289,47,0,0,0
0,3,40.0,0.6931471805599453,0.0,507,2.348991465808201,47,0,0,1
0,2,27.0,0.6931471805599453,0.0,53,3.091042453358316,47,0,0,1
0,3,29.44047619047619,0.0,0.0,391,2.1855792552411137,47,1,0,0
1,2,4.0,0.6931471805599453,1.0986122886681098,634,3.7513658711253766,47,0,0,0
1,3,19.0,0.0,0.0,282,2.1837114628556327,47,0,1,0
0,3,29.44047619047619,0.0,0.0,617,2.2027647577118348,47,1,0,1
0,3,29.44047619047619,0.6931471805599453,0.0,462,2.803360380906535,47,1,1,0
1,3,29.44047619047619,0.0,0.0,76,2.169053700369523,47,0,1,0
0,3,29.44047619047619,1.0986122886681098,0.0,190,3.1214482048688246,47,1,0,0
0,3,18.0,0.6931471805599453,0.0,377,2.9338568698359038,47,0,0,1
0,3,7.0,1.3862943611198906,0.6931471805599453,249,3.705920919968788,47,1,0,1
0,3,21.0,0.0,0.0,522,2.174751721484161,47,1,0,1
1,1,49.0,0.6931471805599453,0.0,587,4.353230991152628,101,0,0,0
1,2,29.0,0.6931471805599453,0.0,239,3.295836866004329,47,0,0,1
0,1,56.0,0.0,0.6931471805599453,29,4.142804513146981,23,1,0,0
1,1,29.44047619047619,0.0,0.0,94,3.597312260588446,71,1,0,1
1,2,21.0,0.0,0.0,555,2.4423470353692043,47,0,0,1
0,3,28.5,0.0,0.0,215,2.1076888046179385,47,1,0,0
1,2,5.0,0.6931471805599453,1.0986122886681098,561,3.3586377672433594,47,0,0,1
0,3,11.0,1.3862943611198906,1.0986122886681098,566,3.8691155044168695,47,1,0,1
0,3,22.0,0.0,0.0,197,2.1076888046179385,47,1,0,0
1,1,38.0,0.0,0.0,32,4.394449154672439,21,0,0,1
0,1,45.0,0.6931471805599453,0.0,457,4.436455632600354,80,1,0,1
0,3,4.0,1.3862943611198906,1.0986122886681098,337,3.3638415951183864,47,1,0,1
0,1,29.44047619047619,0.0,0.0,601,3.357621598945279,47,1,0,0
1,3,29.44047619047619,0.6931471805599453,0.6931471805599453,189,2.7878344138303452,47,1,0,0
1,2,29.0,0.0,0.0,553,2.4423470353692043,142,0,0,1
0,3,19.0,0.0,0.0,623,2.2146605719425225,47,1,0,1
1,3,17.0,1.3862943611198906,1.0986122886681098,248,2.188856327665703,47,0,0,1
0,3,26.0,1.0986122886681098,0.0,270,2.2682524139135403,47,1,0,1
0,2,32.0,0.0,0.0,557,2.4423470353692043,47,1,0,1
0,3,16.0,1.3862943611198906,1.0986122886681098,566,3.8691155044168695,47,0,0,1
0,2,21.0,0.0,0.0,621,4.310799125385514,47,1,0,1
0,3,26.0,0.6931471805599453,0.0,204,2.737880811060884,47,1,0,0
1,3,32.0,0.0,0.0,80,4.05171190165724,47,1,0,1
0,3,25.0,0.0,0.0,347,2.157559320943788,140,1,0,1
0,3,29.44047619047619,0.0,0.0,355,2.1855792552411137,47,1,0,1
0,3,29.44047619047619,0.0,0.0,473,2.2027647577118348,47,1,0,1
1,2,4.0,0.0,1.0986122886681098,158,3.4011973816621555,47,1,0,1
1,3,30.0,0.0,0.0,432,2.600836116795061,47,0,0,1
0,3,22.0,0.0,0.0,304,2.302585092994046,47,1,0,1
1,3,29.0,0.0,0.0,311,2.3513752571634776,47,1,0,1
1,3,29.44047619047619,0.0,0.0,280,2.1733302571367834,47,0,1,0
0,1,28.0,0.0,0.0,25,3.8732821771117156,47,1,0,1
1,2,17.0,0.0,0.0,637,2.4423470353692043,47,0,0,1
1,3,33.0,1.3862943611198906,0.0,247,2.8243506567983707,47,0,0,1
0,3,16.0,0.6931471805599453,1.0986122886681098,676,3.5660053559634015,47,1,0,1
0,3,29.44047619047619,0.0,0.0,652,2.2027647577118348,47,1,0,1
1,1,23.0,1.3862943611198906,1.0986122886681098,95,4.728088015994874,63,0,0,1
0,3,24.0,0.0,0.0,297,2.2027647577118348,47,1,0,1
0,3,29.0,0.0,0.0,298,2.2027647577118348,47,1,0,1
0,3,20.0,0.0,0.0,341,2.180891922715322,47,1,0,1
0,1,46.0,0.6931471805599453,0.0,678,4.1299529896894684,122,1,0,1
0,3,26.0,0.6931471805599453,1.0986122886681098,548,3.0715352369694915,47,1,0,1
0,3,56.0,0.0,0.0,428,2.1102132003465894,47,1,0,1
0,3,29.44047619047619,0.0,0.0,475,2.2027647577118348,47,1,0,1
0,1,56.0,0.0,0.0,607,3.57386695198272,12,1,0,0
1,1,23.0,0.0,0.6931471805599453,612,4.164465907853638,91,1,0,0
1,2,34.0,0.0,0.6931471805599453,117,3.1780538303479458,47,0,0,1
0,2,34.0,0.6931471805599453,0.0,150,3.295836866004329,47,1,0,1
0,3,28.0,0.0,0.0,384,2.1855792552411137,47,0,0,1
0,3,29.44047619047619,0.0,0.0,361,2.1855792552411137,47,1,0,1
0,1,21.0,0.0,0.6931471805599453,417,4.360387947851531,98,1,0,1
0,3,33.0,0.0,0.0,505,2.267393053825037,47,1,0,1
0,3,37.0,1.0986122886681098,0.0,245,2.188856327665703,47,1,0,1
0,3,28.0,0.0,0.0,354,2.1855792552411137,47,1,0,1
1,3,21.0,0.0,0.0,296,2.157559320943788,47,0,0,1
1,3,29.44047619047619,0.0,0.0,254,2.1719067693519296,47,1,0,1
0,3,38.0,0.0,0.0,388,2.1855792552411137,47,1,0,1
1,3,29.44047619047619,0.6931471805599453,0.0,469,3.224857896545748,47,0,1,0
0,1,47.0,0.0,0.0,2,3.970291913552122,52,1,0,1
0,3,14.5,0.6931471805599453,0.0,193,2.737880811060884,47,0,0,0
0,3,22.0,0.0,0.0,274,2.2027647577118348,47,1,0,1
0,3,20.0,0.6931471805599453,0.0,491,2.3818582738885534,47,0,0,1
0,3,17.0,0.0,0.0,176,2.738146075922933,47,0,0,0
0,3,21.0,0.0,0.0,666,2.188856327665703,47,1,0,1
0,3,56.0,0.0,0.0,460,2.169053700369523,47,1,1,0
0,2,29.0,0.6931471805599453,0.0,53,3.091042453358316,47,1,0,1
0,1,24.0,0.0,0.6931471805599453,585,4.728088015994874,36,1,0,0
0,3,4.0,1.3862943611198906,1.0986122886681098,333,3.4742929367327062,47,0,0,1
0,2,21.0,1.0986122886681098,0.0,621,4.310799125385514,47,1,0,1
0,3,29.44047619047619,0.0,0.0,540,2.2027647577118348,47,1,0,1
0,2,32.5,0.6931471805599453,0.0,132,3.436268471383741,47,1,0,0
1,2,32.5,0.0,0.0,219,2.6390573296152584,116,0,0,1
0,1,54.0,0.0,0.6931471805599453,417,4.360387947851531,98,1,0,1
1,3,12.0,0.6931471805599453,0.0,186,2.5048481563289,47,1,0,0
0,3,29.44047619047619,0.0,0.0,463,2.169053700369523,47,1,1,0
1,3,24.0,0.0,0.0,541,2.1071782966514356,47,1,0,1
1,3,29.44047619047619,0.6931471805599453,0.6931471805599453,196,3.1509523813392697,138,0,0,0
0,3,45.0,0.0,0.0,318,2.1071782966514356,47,1,0,1
0,3,33.0,0.0,0.0,380,2.1855792552411137,47,1,0,0
0,3,20.0,0.0,0.0,640,2.1071782966514356,47,1,0,1
0,3,47.0,0.6931471805599453,0.0,537,2.740840023925201,47,0,0,1
1,2,29.0,0.6931471805599453,0.0,111,3.295836866004329,47,0,0,1
0,2,25.0,0.0,0.0,552,2.6390573296152584,47,1,0,1
0,2,23.0,0.0,0.0,630,2.775447133088262,47,1,0,0
1,1,19.0,0.0,1.0986122886681098,55,3.3062747934011893,107,0,0,1
0,1,37.0,0.6931471805599453,0.0,49,3.9908341858524357,55,1,0,1
0,3,16.0,0.0,0.0,504,2.3240236363515288,47,1,0,1
0,1,24.0,0.0,0.0,592,4.384523514872469,45,1,0,0
0,3,29.44047619047619,0.0,1.0986122886681098,203,2.7878344138303452,47,0,0,0
1,3,22.0,0.0,0.0,332,2.169053700369523,47,0,0,1
1,3,24.0,0.6931471805599453,0.0,668,2.8243506567983707,47,0,0,1
0,3,19.0,0.0,0.0,438,2.1071782966514356,47,1,1,0
0,2,18.0,0.0,0.0,118,2.5257286443082556,47,1,0,1
0,2,19.0,0.6931471805599453,0.6931471805599453,558,3.6309854756950335,47,1,0,1
1,3,27.0,0.0,0.0,405,2.174274334826008,47,1,0,1
0,3,9.0,1.0986122886681098,1.0986122886681098,676,3.5660053559634015,47,0,0,1
0,2,36.5,0.0,1.0986122886681098,113,3.295836866004329,141,1,0,1
0,2,42.0,0.0,0.0,147,2.6390573296152584,47,1,0,1
0,2,51.0,0.0,0.0,622,2.6045398247325453,47,1,0,1
1,1,22.0,0.6931471805599453,0.0,36,4.213607983048918,61,0,0,1
0,3,55.5,0.0,0.0,516,2.2027647577118348,47,1,0,1
0,3,40.5,0.0,1.0986122886681098,538,2.740840023925201,47,1,0,1
0,3,29.44047619047619,0.0,0.0,573,2.1177604059819726,47,1,0,1
0,1,51.0,0.0,0.6931471805599453,595,4.133231886474144,47,1,0,0
1,3,16.0,0.0,0.0,418,2.167143305297764,47,0,1,0
0,3,30.0,0.0,0.0,654,2.2027647577118348,47,1,0,1
0,3,29.44047619047619,0.0,0.0,258,2.2682524139135403,47,1,0,1
0,3,29.44047619047619,1.3862943611198906,1.0986122886681098,568,4.256321678298823,47,1,0,1
0,3,44.0,0.0,0.6931471805599453,470,2.8390784635086144,47,1,0,1
1,2,40.0,0.0,0.0,559,2.8183982582710754,47,0,0,1
0,3,26.0,0.0,0.0,323,2.1719067693519296,47,1,0,1
0,3,17.0,0.0,0.0,265,2.2682524139135403,47,1,0,1
0,3,4.0,1.3862943611198906,0.6931471805599453,249,3.705920919968788,47,1,0,1
1,3,9.0,0.0,1.0986122886681098,423,3.0692150503137943,47,1,0,1
1,1,29.44047619047619,0.0,0.6931471805599453,28,4.02535169073515,123,0,0,1
0,3,45.0,0.6931471805599453,1.0986122886681098,337,3.3638415951183864,47,0,0,1
0,1,29.44047619047619,0.0,0.0,576,3.2930552230424524,47,1,0,1
0,3,28.0,0.0,0.0,80,4.05171190165724,47,1,0,1
0,1,56.0,0.0,0.0,5,3.5409593240373143,18,1,0,1
0,3,4.0,1.3862943611198906,0.6931471805599453,480,3.405355391810819,47,1,1,0
1,3,4.0,0.6931471805599453,0.6931471805599453,344,2.495953738718064,47,0,0,1
0,3,21.0,0.0,0.0,659,2.188856327665703,47,1,0,1
0,1,56.0,0.0,0.0,90,3.4561841799918147,14,1,0,0
0,3,18.0,0.6931471805599453,0.6931471805599453,412,2.180891922715322,47,1,0,1
0,3,29.44047619047619,1.3862943611198906,0.6931471805599453,488,3.275887339030031,47,1,0,1
0,1,50.0,0.0,0.0,593,3.391567832686312,69,0,0,0
0,2,30.0,0.0,0.0,169,2.6390573296152584,47,1,0,1
0,3,36.0,0.0,0.0,574,2.1071782966514356,47,1,0,1
0,3,29.44047619047619,1.3862943611198906,1.0986122886681098,568,4.256321678298823,47,0,0,1
0,2,29.44047619047619,0.0,0.0,629,2.775708849576025,47,1,0,0
0,3,9.0,1.3862943611198906,1.0986122886681098,329,3.4777725458882283,47,1,0,1
1,2,4.0,1.0986122886681098,0.6931471805599453,114,3.6888794541139363,144,1,0,1
1,3,4.0,0.0,1.0986122886681098,271,3.1365805821413706,47,0,0,1
0,1,29.44047619047619,0.0,0.0,34,3.9318256327243257,9,1,0,1
1,3,29.44047619047619,0.6931471805599453,0.0,459,2.803360380906535,47,0,1,0
1,1,45.0,0.0,0.0,11,3.3160025355989236,47,1,0,1
0,3,40.0,0.6931471805599453,0.6931471805599453,435,2.803360380906535,47,1,1,0
0,3,36.0,0.0,0.0,386,2.1855792552411137,47,1,0,1
1,2,32.0,0.0,0.0,122,2.6390573296152584,47,0,0,1
0,2,19.0,0.0,0.0,227,2.6390573296152584,47,1,0,1
1,3,19.0,0.6931471805599453,0.0,406,2.180891922715322,47,0,0,1
1,2,4.0,0.6931471805599453,0.6931471805599453,113,3.295836866004329,141,1,0,1
1,1,44.0,0.0,0.0,604,3.357621598945279,28,0,0,0
1,1,56.0,0.0,0.0,586,4.728088015994874,43,0,0,0
0,3,29.44047619047619,0.0,0.0,452,2.169053700369523,47,1,1,0
0,3,42.0,0.0,0.6931471805599453,494,2.2411563979973974,47,1,0,1
1,3,29.44047619047619,0.0,0.0,461,2.169053700369523,47,0,1,0
0,2,24.0,0.0,0.0,160,2.6390573296152584,47,0,0,1
0,3,28.0,0.0,0.0,306,2.3513752571634776,47,1,0,1
0,3,29.44047619047619,1.3862943611198906,1.0986122886681098,568,4.256321678298823,47,1,0,1
0,3,34.0,0.0,0.0,242,2.1071782966514356,47,1,0,1
0,3,45.5,0.0,0.0,177,2.1071782966514356,47,1,0,0
1,3,18.0,0.0,0.0,530,2.2027647577118348,47,1,0,1
0,3,4.0,0.0,0.6931471805599453,316,2.4390808375825834,145,0,0,1
0,3,32.0,0.6931471805599453,0.0,247,2.8243506567983707,47,1,0,1
1,3,26.0,0.0,0.0,216,2.9850504252071306,47,1,0,0
1,3,16.0,0.0,0.0,445,2.169053700369523,47,0,1,0
1,1,40.0,0.0,0.0,17,3.4657359027997265,8,1,0,0
0,3,24.0,0.0,0.0,642,2.1071782966514356,47,1,0,1
1,2,35.0,0.0,0.0,570,3.091042453358316,47,0,0,1
0,3,22.0,0.0,0.0,526,2.1102132003465894,47,1,0,1
0,2,30.0,0.0,0.0,163,2.6390573296152584,47,1,0,1
0,3,29.44047619047619,0.6931471805599453,0.0,443,2.169053700369523,47,1,1,0
1,1,31.0,0.6931471805599453,0.0,416,4.728088015994874,103,0,0,0
1,3,27.0,0.0,0.0,670,2.188856327665703,47,0,0,1
0,2,42.0,0.6931471805599453,0.0,142,3.332204510175204,47,1,0,1
1,1,32.0,0.0,0.0,63,4.347586575960343,93,0,0,0
0,2,30.0,0.0,0.0,679,2.4423470353692043,47,1,0,1
1,3,16.0,0.0,0.0,653,2.2027647577118348,47,1,0,1
0,2,27.0,0.0,0.0,105,2.6390573296152584,47,1,0,1
0,3,51.0,0.0,0.0,102,2.2027647577118348,47,1,0,1
0,3,29.44047619047619,0.0,0.0,375,2.1855792552411137,47,1,0,1
1,1,38.0,0.6931471805599453,0.0,93,4.51085950651685,87,1,0,1
0,3,22.0,0.0,0.0,615,2.336986519711378,47,1,0,1
1,2,19.0,0.0,0.0,672,2.4423470353692043,47,1,0,1
0,3,20.5,0.0,0.0,525,2.1102132003465894,47,1,0,1
0,2,18.0,0.0,0.0,125,2.6390573296152584,47,1,0,1
0,3,29.44047619047619,1.3862943611198906,0.6931471805599453,488,3.275887339030031,47,0,0,1
1,1,35.0,0.6931471805599453,0.0,457,4.436455632600354,80,0,0,1
0,3,29.0,0.0,0.0,322,2.1719067693519296,47,1,0,1
0,2,56.0,0.0,0.0,128,2.6741486494265287,47,1,0,1
1,3,5.0,1.3862943611198906,1.0986122886681098,329,3.4777725458882283,47,0,0,1
0,2,24.0,0.0,0.0,554,2.4423470353692043,47,1,0,1
0,3,29.44047619047619,0.0,0.0,677,2.145931282948669,47,0,0,1
0,2,44.0,0.6931471805599453,0.0,198,3.295836866004329,47,1,0,1
1,2,8.0,0.0,1.0986122886681098,556,3.305053521109253,47,0,0,1
0,2,19.0,0.0,0.0,231,2.4423470353692043,47,1,0,1
0,2,33.0,0.0,0.0,636,2.5858825671280026,47,1,0,1
0,3,29.44047619047619,0.6931471805599453,0.0,193,2.737880811060884,47,0,0,0
1,3,29.44047619047619,0.6931471805599453,0.0,444,2.803360380906535,47,0,1,0
0,2,29.0,0.0,0.0,674,2.4423470353692043,47,1,0,1
0,3,22.0,0.0,0.0,658,2.1071782966514356,47,1,0,1
0,3,30.0,0.0,0.0,213,2.1071782966514356,47,1,0,0
0,1,44.0,1.0986122886681098,0.0,92,4.51085950651685,78,1,1,0
0,3,25.0,0.0,0.0,325,2.1719067693519296,47,0,0,1
1,2,24.0,0.0,1.0986122886681098,166,2.740840023925201,47,0,0,1
1,1,37.0,0.6931471805599453,0.6931471805599453,54,3.9806942251907276,102,1,0,1
0,2,54.0,0.6931471805599453,0.0,144,3.295836866004329,47,1,0,1
0,3,29.44047619047619,0.0,0.0,422,2.1102132003465894,47,1,0,1
0,3,29.0,0.6931471805599453,0.6931471805599453,316,2.4390808375825834,145,0,0,1
0,1,56.0,0.0,0.0,31,3.3160025355989236,83,1,0,1
0,3,30.0,0.6931471805599453,0.0,536,2.8390784635086144,47,1,0,1
0,3,41.0,0.0,1.0986122886681098,458,3.0545906305603445,47,0,0,1
1,3,29.0,0.0,1.0986122886681098,185,2.7878344138303452,47,0,0,0
1,1,29.44047619047619,0.0,0.0,589,4.384523514872469,47,0,0,0
1,1,30.0,0.0,0.0,0,4.471638793363569,40,0,0,1
1,1,35.0,0.0,0.0,608,4.728088015994874,47,0,0,0
1,2,50.0,0.0,0.6931471805599453,115,3.295836866004329,47,0,0,1
0,3,29.44047619047619,0.0,0.0,482,2.169053700369523,47,1,1,0
1,3,4.0,1.3862943611198906,1.0986122886681098,329,3.4777725458882283,47,1,0,1
0,1,52.0,0.6931471805599453,0.6931471805599453,1,4.390118804571218,134,1,0,1
0,1,40.0,0.0,0.0,16,2.1071782966514356,46,1,0,1
0,3,29.44047619047619,0.0,0.0,478,2.169053700369523,47,0,1,0
0,2,36.0,0.0,0.0,546,2.4423470353692043,47,1,0,1
0,3,16.0,1.3862943611198906,0.6931471805599453,249,3.705920919968788,47,1,0,1
1,3,25.0,0.6931471805599453,0.0,334,2.1719067693519296,47,1,0,1
1,1,56.0,0.0,0.6931471805599453,588,4.728088015994874,57,0,0,1
1,1,35.0,0.0,0.0,613,4.728088015994874,89,0,0,1
0,1,29.44047619047619,0.0,0.0,47,3.4657359027997265,47,1,0,1
1,3,25.0,0.0,0.0,574,2.1071782966514356,47,1,0,1
1,2,41.0,0.0,0.6931471805599453,162,3.0204248861443626,47,0,0,1
0,1,37.0,0.0,0.6931471805599453,594,3.4242626545931514,54,1,0,0
1,3,29.44047619047619,0.0,0.0,465,2.169053700369523,47,0,1,0
1,1,56.0,0.6931471805599453,0.0,71,4.368919865004903,113,0,0,1
0,3,45.0,0.0,0.0,326,2.169053700369523,47,0,0,1
0,2,29.44047619047619,0.0,0.0,135,2.1071782966514356,47,1,0,1
0,3,7.0,1.3862943611198906,0.6931471805599453,480,3.405355391810819,47,1,1,0
1,3,35.0,0.6931471805599453,0.6931471805599453,551,3.056356895370426,47,0,0,1
0,3,56.0,0.0,0.0,290,2.169053700369523,47,1,1,0
0,3,28.0,0.0,0.0,340,2.180891922715322,47,1,0,1
0,3,16.0,0.0,0.0,310,2.3513752571634776,47,1,0,1
1,3,19.0,0.0,0.0,533,2.2027647577118348,47,1,0,1
0,1,29.44047619047619,0.0,0.0,24,3.295836866004329,3,1,0,1
0,3,33.0,0.0,0.0,378,2.2682524139135403,47,1,0,0
1,3,30.0,0.0,0.0,308,2.3513752571634776,47,1,0,1
0,3,22.0,0.0,0.0,353,2.1855792552411137,47,1,0,1
1,2,42.0,0.0,0.0,134,2.6390573296152584,47,1,0,1
1,3,22.0,0.0,0.0,464,2.169053700369523,47,0,1,0
1,1,26.0,0.0,0.0,91,4.380149874661021,47,0,0,1
1,1,19.0,0.6931471805599453,0.0,64,4.5226490762785785,31,0,0,0
0,2,36.0,0.0,0.0,635,2.630088659632498,90,1,0,0
0,3,24.0,0.0,0.0,376,2.2874714551839976,47,0,0,1
0,3,24.0,0.0,0.0,374,2.1855792552411137,47,1,0,1
0,1,29.44047619047619,0.0,0.0,606,3.357621598945279,47,1,0,0
0,3,23.5,0.0,0.0,212,2.1076888046179385,47,1,0,0
0,1,4.0,0.6931471805599453,1.0986122886681098,37,4.728088015994874,62,0,0,1
1,1,29.44047619047619,0.0,0.0,98,3.449987545831587,51,1,0,1
1,1,50.0,0.0,0.6931471805599453,585,4.728088015994874,36,0,0,0
1,3,29.44047619047619,0.0,0.0,513,2.169053700369523,47,0,1,0
1,3,29.44047619047619,1.0986122886681098,0.0,441,3.188416617383492,47,1,1,0
0,3,19.0,0.0,0.0,574,2.1071782966514356,47,1,0,1
1,2,29.44047619047619,0.0,0.0,109,2.5915163848462583,116,0,1,0
0,3,29.44047619047619,0.0,0.0,527,2.2027647577118348,47,1,0,1
1,1,4.0,0.6931471805599453,1.0986122886681098,37,4.728088015994874,62,1,0,1
1,1,29.44047619047619,0.0,0.0,83,4.717456363787216,47,0,0,0
1,1,17.0,0.6931471805599453,0.0,611,4.699570861409576,74,0,0,0
0,2,30.0,0.6931471805599453,0.0,575,3.2188758248682006,47,1,0,0
1,1,30.0,0.0,0.0,584,4.0592215752427645,125,0,0,0
1,1,24.0,0.0,0.0,59,4.432699549165613,72,0,0,0
1,1,18.0,1.0986122886681098,1.0986122886681098,602,4.728088015994874,35,0,0,0
0,2,26.0,0.6931471805599453,0.6931471805599453,167,3.295836866004329,47,0,0,1
0,3,28.0,0.0,0.0,382,2.1855792552411137,47,1,0,1
0,2,43.0,0.6931471805599453,0.6931471805599453,571,3.305053521109253,47,1,0,1
1,3,26.0,0.0,0.0,343,2.180891922715322,47,0,0,1
1,2,24.0,0.6931471805599453,0.0,150,3.295836866004329,47,0,0,1
0,2,54.0,0.0,0.0,232,2.70805020110221,47,1,0,1
1,1,31.0,0.0,1.0986122886681098,453,4.728088015994874,76,0,0,1
1,1,40.0,0.6931471805599453,0.6931471805599453,81,4.728088015994874,124,0,0,0
0,3,22.0,0.0,0.0,524,2.1102132003465894,47,1,0,1
0,3,27.0,0.0,0.0,365,2.1855792552411137,47,1,0,1
1,2,30.0,0.0,0.0,124,2.5915163848462583,47,0,1,0
1,2,22.0,0.6931471805599453,0.6931471805599453,158,3.4011973816621555,47,0,0,1
0,3,29.44047619047619,1.3862943611198906,1.0986122886681098,568,4.256321678298823,47,1,0,1
1,1,36.0,0.0,0.0,613,4.728088015994874,65,0,0,0
0,3,56.0,0.0,0.0,299,2.1071782966514356,47,1,0,1
1,2,36.0,0.0,0.0,229,2.6390573296152584,90,0,0,1
1,3,31.0,0.6931471805599453,0.6931471805599453,423,3.0692150503137943,47,0,0,1
1,1,16.0,0.0,0.6931471805599453,7,4.077184839375167,17,0,0,0
1,3,29.44047619047619,1.0986122886681098,0.0,441,3.188416617383492,47,0,1,0
0,1,45.5,0.0,0.0,20,3.3843902633457743,56,1,0,1
0,1,38.0,0.0,0.6931471805599453,588,4.728088015994874,85,1,0,1
0,3,16.0,1.0986122886681098,0.0,302,2.9444389791664403,47,1,0,1
1,1,29.44047619047619,0.6931471805599453,0.0,605,4.728088015994874,47,0,0,1
0,3,29.44047619047619,0.0,0.0,370,2.1855792552411137,47,1,0,1
0,1,29.0,0.6931471805599453,0.0,36,4.213607983048918,61,1,0,1
1,1,41.0,0.0,0.0,81,4.728088015994874,127,0,0,0
1,3,45.0,0.0,0.0,510,2.2027647577118348,47,1,0,1
0,1,45.0,0.0,0.0,39,3.597312260588446,146,1,0,1
1,2,4.0,0.6931471805599453,0.6931471805599453,113,3.295836866004329,141,1,0,1
1,1,24.0,1.3862943611198906,1.0986122886681098,95,4.728088015994874,63,0,0,1
0,2,28.0,0.0,0.0,159,2.6390573296152584,47,1,0,1
0,2,25.0,0.0,0.0,149,2.6390573296152584,47,1,0,1
0,2,36.0,0.0,0.0,112,2.6390573296152584,47,1,0,1
1,2,24.0,0.0,0.0,157,2.6390573296152584,142,0,0,1
1,2,40.0,0.0,0.0,257,2.6390573296152584,47,0,0,1
1,3,29.44047619047619,0.6931471805599453,0.0,483,2.8390784635086144,47,0,0,1
1,3,4.0,0.6931471805599453,0.6931471805599453,562,2.8273136219290276,47,1,0,1
0,3,42.0,0.0,0.0,262,2.2682524139135403,47,1,0,1
0,3,23.0,0.0,0.0,503,2.3248357019288655,47,1,0,1
0,1,29.44047619047619,0.0,0.0,30,3.58351893845611,59,1,0,1
0,3,15.0,0.6931471805599453,0.6931471805599453,214,2.1076888046179385,47,1,0,0
0,3,25.0,0.6931471805599453,0.0,377,2.9338568698359038,47,1,0,1
0,3,29.44047619047619,0.0,0.0,182,2.1071782966514356,47,1,0,0
0,3,28.0,0.0,0.0,314,2.3513752571634776,47,1,0,1
1,1,22.0,0.0,0.6931471805599453,28,4.02535169073515,123,0,0,1
0,2,38.0,0.0,0.0,131,2.6390573296152584,47,0,0,1
1,3,29.44047619047619,0.0,0.0,279,2.1837114628556327,47,0,1,0
1,3,29.44047619047619,0.0,0.0,285,2.1837114628556327,47,0,1,0
0,3,40.0,0.6931471805599453,1.0986122886681098,337,3.3638415951183864,47,1,0,1
0,2,29.0,0.6931471805599453,0.0,633,3.357621598945279,47,1,0,0
0,3,45.0,0.0,0.6931471805599453,211,2.737880811060884,47,0,0,0
0,3,35.0,0.0,0.0,641,2.1071782966514356,47,1,0,1
0,3,29.44047619047619,0.6931471805599453,0.0,459,2.803360380906535,47,1,1,0
0,3,30.0,0.0,0.0,544,2.1102132003465894,47,1,0,1
1,1,56.0,0.6931471805599453,0.0,4,4.334017415487521,104,0,0,0
1,3,29.44047619047619,0.0,0.0,175,2.1076888046179385,47,0,0,0
1,3,29.44047619047619,0.0,0.0,78,2.169053700369523,47,0,1,0
1,1,24.0,0.0,0.0,581,4.252771798816619,24,0,0,0
1,1,25.0,0.6931471805599453,0.0,58,4.0332082470129285,131,1,0,0
0,3,18.0,0.6931471805599453,0.0,244,2.1071782966514356,47,1,0,1
0,3,19.0,0.0,0.0,273,2.2027647577118348,47,1,0,1
0,1,22.0,0.0,0.0,613,4.728088015994874,47,1,0,0
0,3,4.0,1.3862943611198906,0.6931471805599453,395,3.0944457464900235,47,0,0,1
1,1,29.44047619047619,0.6931471805599453,0.0,600,4.420896324687287,47,0,0,0
1,3,22.0,0.0,0.0,545,2.1102132003465894,47,0,0,1
0,1,27.0,0.0,1.0986122886681098,27,4.728088015994874,79,1,0,0
0,3,20.0,0.0,0.0,183,2.1071782966514356,47,1,0,0
0,3,19.0,0.0,0.0,324,2.1719067693519296,47,1,0,1
1,1,42.0,0.0,0.0,610,4.728088015994874,47,0,0,0
1,3,4.0,0.0,1.0986122886681098,187,2.817902613071225,47,0,0,0
0,3,32.0,0.0,0.0,665,2.188856327665703,47,1,0,1
1,1,35.0,0.6931471805599453,0.0,43,3.970291913552122,47,0,0,1
0,3,29.44047619047619,0.0,0.0,371,2.1855792552411137,47,1,0,1
0,2,18.0,0.0,0.0,621,4.310799125385514,47,1,0,1
0,3,4.0,1.3862943611198906,1.0986122886681098,566,3.8691155044168695,47,1,0,1
1,2,36.0,0.0,0.0,220,2.6390573296152584,47,0,0,1
0,3,29.44047619047619,0.0,0.0,447,2.1666737276227077,47,1,1,0
1,2,17.0,0.0,0.0,625,2.5649493574615367,47,0,0,0
1,1,36.0,0.6931471805599453,1.0986122886681098,33,4.728088015994874,47,1,0,1
1,3,21.0,0.0,0.0,401,2.174274334826008,47,1,0,1
0,3,28.0,1.0986122886681098,0.0,246,2.188856327665703,47,1,0,1
1,1,23.0,0.6931471805599453,0.0,416,4.728088015994874,103,0,0,0
1,3,24.0,0.0,1.0986122886681098,616,2.8735646395797834,145,0,0,1
0,3,22.0,0.0,0.0,410,2.174274334826008,47,1,0,1
0,3,31.0,0.0,0.0,414,2.180891922715322,47,0,0,1
0,2,46.0,0.0,0.0,226,3.295836866004329,47,1,0,1
0,2,23.0,0.0,0.0,146,2.4423470353692043,47,1,0,1
1,2,28.0,0.0,0.0,140,2.613739521630969,47,0,0,1
1,3,39.0,0.0,0.0,663,2.188856327665703,47,1,0,1
0,3,26.0,0.0,0.0,292,2.2027647577118348,47,1,0,1
0,3,21.0,0.6931471805599453,0.0,492,2.3818582738885534,47,0,0,1
0,3,28.0,0.6931471805599453,0.0,668,2.8243506567983707,47,1,0,1
0,3,20.0,0.0,0.0,267,2.2682524139135403,47,0,0,1
0,2,34.0,0.6931471805599453,0.0,230,3.091042453358316,47,1,0,1
0,3,51.0,0.0,0.0,321,2.169053700369523,47,1,0,1
1,2,4.0,0.6931471805599453,0.6931471805599453,237,2.9831534913471307,47,1,0,1
0,3,21.0,0.0,0.0,255,2.1719067693519296,47,1,0,1
0,3,29.44047619047619,1.3862943611198906,0.6931471805599453,488,3.275887339030031,47,0,0,1
0,3,29.44047619047619,0.0,0.0,367,2.1855792552411137,47,1,0,1
0,3,29.44047619047619,0.0,0.0,487,2.1071782966514356,47,1,1,0
1,1,33.0,0.6931471805599453,0.0,92,4.51085950651685,78,0,1,0
0,2,29.44047619047619,0.0,0.0,135,2.1071782966514356,47,1,0,1
1,3,44.0,0.0,0.0,655,2.188856327665703,47,1,0,1
0,3,29.44047619047619,0.0,0.0,295,2.2027647577118348,47,0,0,1
1,2,34.0,0.6931471805599453,0.6931471805599453,224,3.5115454388310208,47,0,0,1
1,2,18.0,0.0,1.0986122886681098,168,2.6390573296152584,47,0,0,1
0,2,30.0,0.0,0.0,225,2.6390573296152584,47,1,0,1
0,3,10.0,0.0,1.0986122886681098,307,3.224857896545748,47,0,0,1
0,3,29.44047619047619,0.0,0.0,392,2.1855792552411137,47,1,0,0
0,3,21.0,0.0,0.0,534,2.167143305297764,47,1,1,0
0,3,29.0,0.0,0.0,259,2.1832383353614797,47,1,0,1
0,3,28.0,0.6931471805599453,0.6931471805599453,331,2.7343675094195836,47,0,0,1
0,3,18.0,0.6931471805599453,0.6931471805599453,458,3.0545906305603445,47,1,0,1
0,3,29.44047619047619,0.0,0.0,521,2.1102132003465894,47,1,0,1
1,2,28.0,0.6931471805599453,0.0,100,3.295836866004329,47,0,0,1
1,2,19.0,0.0,0.0,170,3.295836866004329,47,0,0,1
0,3,29.44047619047619,0.0,0.0,437,2.169053700369523,47,1,1,0
1,3,32.0,0.0,0.0,644,2.2027647577118348,115,1,0,1
1,1,28.0,0.0,0.0,3,3.3160025355989236,71,1,0,1
1,3,29.44047619047619,0.6931471805599453,0.0,476,2.8390784635086144,47,0,0,1
1,2,42.0,0.6931471805599453,0.0,627,3.295836866004329,47,0,0,1
0,3,17.0,0.0,0.0,657,2.1071782966514356,47,1,0,1
0,1,50.0,0.6931471805599453,0.0,72,4.041295341132285,128,1,0,1
1,1,14.0,0.6931471805599453,1.0986122886681098,33,4.728088015994874,47,0,0,1
0,3,21.0,1.0986122886681098,1.0986122886681098,676,3.5660053559634015,47,0,0,1
1,2,24.0,1.0986122886681098,1.0986122886681098,237,2.9831534913471307,47,0,0,1
0,1,56.0,0.6931471805599453,1.0986122886681098,95,4.728088015994874,63,1,0,1
0,2,31.0,0.0,0.0,547,2.4423470353692043,47,1,0,1
1,2,45.0,0.6931471805599453,0.6931471805599453,571,3.305053521109253,47,0,0,1
0,3,20.0,0.0,0.0,305,2.3513752571634776,47,1,0,1
0,3,25.0,0.6931471805599453,0.0,328,2.1719067693519296,47,1,0,1
1,2,28.0,0.0,0.0,116,2.6390573296152584,47,0,0,1
1,3,29.44047619047619,0.0,0.0,499,2.2096470973347766,47,1,0,1
1,1,4.0,0.0,1.0986122886681098,289,4.417131919904876,10,1,0,1
1,2,13.0,0.0,0.6931471805599453,162,3.0204248861443626,47,0,0,1
1,1,34.0,0.0,0.0,45,3.3160025355989236,47,1,0,1
1,3,5.0,1.0986122886681098,0.6931471805599453,194,3.0085645861193133,47,0,0,0
1,1,52.0,0.0,0.0,40,3.449987545831587,50,1,0,1
0,2,36.0,0.6931471805599453,1.0986122886681098,561,3.3586377672433594,47,1,0,1
0,3,29.44047619047619,0.6931471805599453,0.0,497,3.0429354648621407,47,1,0,1
0,1,30.0,0.0,0.0,22,3.3586377672433594,53,1,0,0
1,1,49.0,0.6931471805599453,0.0,84,4.500966778400217,86,1,0,0
0,3,29.44047619047619,0.0,0.0,528,2.2027647577118348,47,1,0,1
1,3,29.0,0.0,0.0,379,2.1855792552411137,47,1,0,0
0,1,56.0,0.0,0.0,73,3.3160025355989236,126,1,0,1
1,1,29.44047619047619,0.6931471805599453,0.0,86,3.967694202798607,97,0,0,1
1,2,50.0,0.0,0.0,572,2.4423470353692043,47,0,0,1
0,3,29.44047619047619,0.0,0.0,468,2.169053700369523,47,1,1,0
1,1,48.0,0.0,0.0,96,3.3160025355989236,117,1,0,1
0,3,34.0,0.0,0.0,429,2.2027647577118348,47,1,0,1
0,1,47.0,0.0,0.0,6,3.676300671907076,133,1,0,1
0,2,48.0,0.0,0.0,121,2.6390573296152584,47,1,0,1
0,3,29.44047619047619,0.0,0.0,539,2.2027647577118348,47,1,0,1
0,3,38.0,0.0,0.0,639,2.1071782966514356,47,1,0,1
0,2,29.44047619047619,0.0,0.0,135,2.1071782966514356,47,1,0,1
0,1,56.0,0.0,0.0,44,3.3160025355989236,47,1,0,1
0,3,29.44047619047619,0.0,0.0,421,2.1661924680884908,47,1,1,0
1,3,4.0,1.0986122886681098,0.6931471805599453,194,3.0085645861193133,47,0,0,0
0,3,29.44047619047619,0.0,0.0,272,2.1102132003465894,47,1,0,1
0,3,38.0,0.0,0.0,263,2.2682524139135403,47,1,0,1
1,2,33.0,0.6931471805599453,1.0986122886681098,561,3.3586377672433594,47,0,0,1
1,2,23.0,0.0,0.0,628,2.694066212646058,90,0,0,0
0,3,22.0,0.0,0.0,509,2.3830123421066602,47,0,0,1
0,1,29.44047619047619,0.0,0.0,2,3.970291913552122,1,1,0,1
0,2,34.0,0.6931471805599453,0.0,252,3.091042453358316,47,1,0,1
0,3,29.0,0.6931471805599453,0.0,315,2.1071782966514356,47,1,0,1
0,3,22.0,0.0,0.0,411,2.142510233146819,47,1,0,1
1,3,4.0,0.0,0.6931471805599453,251,2.586823743668066,47,0,0,1
0,3,9.0,1.3862943611198906,1.0986122886681098,566,3.8691155044168695,47,1,0,1
0,2,29.44047619047619,0.0,0.0,136,2.1071782966514356,47,1,0,1
0,3,50.0,0.0,0.0,531,2.2027647577118348,47,1,0,1
1,3,56.0,0.0,0.0,489,2.3596740599781727,47,0,0,1
1,1,25.0,0.6931471805599453,0.0,64,4.5226490762785785,31,1,0,0
0,3,29.44047619047619,1.3862943611198906,0.6931471805599453,488,3.275887339030031,47,0,0,1
1,1,35.0,0.6931471805599453,0.0,93,4.51085950651685,87,0,0,1
0,1,56.0,0.0,0.0,61,3.4242626545931514,25,1,0,0
0,3,30.0,0.0,0.0,517,2.2027647577118348,47,1,0,1
1,3,9.0,0.6931471805599453,0.6931471805599453,562,2.8273136219290276,47,1,0,1
0,3,29.44047619047619,0.6931471805599453,0.0,498,3.0429354648621407,47,1,0,1
0,3,21.0,0.0,0.0,649,2.1102132003465894,47,1,0,1
0,1,55.0,0.0,0.0,41,3.449987545831587,64,1,0,1
0,1,56.0,0.0,0.0,603,3.922056501139853,47,1,0,0
0,3,21.0,0.0,0.0,518,2.2027647577118348,47,1,0,1
0,3,29.44047619047619,0.0,0.0,176,2.738146075922933,47,1,0,0
1,1,54.0,0.6931471805599453,0.0,454,4.37281811610993,96,0,0,0
0,3,29.44047619047619,0.0,0.0,564,2.7788192719904172,47,1,0,1
0,1,25.0,0.6931471805599453,1.0986122886681098,37,4.728088015994874,62,0,0,1
0,3,24.0,0.0,0.0,402,2.174274334826008,47,1,0,1
0,3,17.0,0.0,0.0,261,2.2682524139135403,47,1,0,1
0,3,21.0,0.0,0.0,433,2.169053700369523,47,0,1,0
0,3,29.44047619047619,0.0,0.0,276,2.155151800914312,47,0,1,0
0,3,37.0,0.0,0.0,490,2.3596740599781727,47,0,0,1
1,1,16.0,0.0,0.0,0,4.471638793363569,42,0,0,1
0,1,18.0,0.6931471805599453,0.0,611,4.699570861409576,74,1,0,0
1,2,33.0,0.0,1.0986122886681098,180,3.295836866004329,47,0,0,1
1,1,29.44047619047619,0.0,0.0,10,3.3160025355989236,47,1,0,1
0,3,28.0,0.0,0.0,542,3.1580636854714434,47,1,0,1
1,3,26.0,0.0,0.0,80,4.05171190165724,47,1,0,1
1,3,29.0,0.0,0.0,479,2.169053700369523,47,1,1,0
0,3,29.44047619047619,0.0,0.0,648,2.2027647577118348,47,1,0,1
1,1,36.0,0.0,0.0,577,3.3064287218760624,121,1,0,1
1,1,54.0,0.6931471805599453,0.0,599,4.100989104940769,47,0,0,0
0,3,24.0,0.0,0.0,356,2.139571923732859,47,1,0,1
0,1,47.0,0.0,0.0,456,3.5559421706858756,106,1,0,1
1,2,34.0,0.0,0.0,560,2.4423470353692043,142,0,0,1
0,3,29.44047619047619,0.0,0.0,469,3.224857896545748,47,1,1,0
1,2,36.0,0.6931471805599453,0.0,110,3.295836866004329,47,0,0,1
0,3,32.0,0.0,0.0,381,2.1855792552411137,47,1,0,1
1,1,30.0,0.0,0.0,67,4.548599834499697,39,0,0,1
0,3,22.0,0.0,0.0,390,2.1855792552411137,47,1,0,1
0,3,29.44047619047619,0.0,0.0,173,2.1071782966514356,47,1,0,0
1,1,44.0,0.0,0.6931471805599453,7,4.077184839375167,17,0,0,0
0,3,29.44047619047619,0.0,0.0,217,2.1076888046179385,47,1,0,0
0,3,40.5,0.0,0.0,446,2.169053700369523,47,1,1,0
1,2,50.0,0.0,0.0,673,2.4423470353692043,47,0,0,1
0,1,29.44047619047619,0.0,0.0,583,4.728088015994874,88,1,0,1
0,3,39.0,0.0,0.0,250,2.188856327665703,47,1,0,1
0,2,23.0,1.0986122886681098,0.6931471805599453,235,2.5257286443082556,47,1,0,1
1,2,4.0,0.6931471805599453,0.6931471805599453,180,3.295836866004329,47,0,0,1
0,3,29.44047619047619,0.0,0.0,181,2.1076888046179385,47,1,0,0
0,3,17.0,0.6931471805599453,0.6931471805599453,210,2.1076888046179385,47,1,0,0
1,3,29.44047619047619,0.0,1.0986122886681098,196,3.1509523813392697,47,0,0,0
0,3,30.0,0.0,0.0,260,2.2682524139135403,47,0,0,1
1,2,7.0,0.0,1.0986122886681098,571,3.305053521109253,47,0,0,1
0,1,45.0,0.0,0.0,21,3.3160025355989236,26,1,0,1
1,1,30.0,0.0,0.0,614,4.676792929661059,47,0,0,0
0,3,29.44047619047619,0.0,0.0,426,2.740840023925201,47,1,0,1
1,1,22.0,0.0,1.0986122886681098,75,3.9219733362813143,27,0,0,0
1,1,36.0,0.0,1.0986122886681098,680,4.276666119016055,20,0,0,1
0,3,9.0,1.3862943611198906,1.0986122886681098,333,3.4742929367327062,47,0,0,1
0,3,11.0,1.3862943611198906,1.0986122886681098,333,3.4742929367327062,47,0,0,1
1,2,32.0,0.6931471805599453,0.0,233,3.295836866004329,47,1,0,1
0,1,50.0,0.6931471805599453,0.0,614,4.676792929661059,82,1,0,0
0,1,56.0,0.0,0.0,501,3.295836866004329,47,1,0,1
1,2,19.0,0.6931471805599453,0.0,233,3.295836866004329,47,0,0,1
1,2,29.44047619047619,0.0,0.0,631,2.6988412620169004,47,1,0,0
0,3,33.0,0.6931471805599453,0.6931471805599453,423,3.0692150503137943,47,1,0,1
1,2,8.0,0.6931471805599453,0.6931471805599453,558,3.6309854756950335,47,1,0,1
1,1,17.0,0.0,1.0986122886681098,83,4.717456363787216,77,1,0,0
0,2,27.0,0.0,0.0,148,3.295836866004329,47,1,0,1
0,3,29.44047619047619,0.0,0.0,284,2.17806441028492,47,1,1,0
1,3,22.0,0.0,0.0,171,2.1071782966514356,47,1,0,0
1,3,22.0,0.0,0.0,335,2.1719067693519296,47,0,0,1
0,1,56.0,0.0,0.0,52,3.3160025355989236,47,1,0,1
1,1,48.0,0.6931471805599453,0.0,57,3.703768066607687,2,0,0,0
0,1,29.44047619047619,0.0,0.0,610,4.728088015994874,47,1,0,0
1,1,39.0,0.6931471805599453,0.6931471805599453,1,4.390118804571218,134,0,0,1
1,3,36.0,0.6931471805599453,0.0,300,2.91235066461494,47,0,0,1
0,3,29.44047619047619,0.0,0.0,471,2.169053700369523,47,1,1,0
0,3,40.0,0.0,0.0,389,2.1855792552411137,47,1,0,1
0,2,28.0,0.0,0.0,103,2.6741486494265287,47,1,0,1
0,3,29.44047619047619,0.0,0.0,651,2.2027647577118348,47,1,0,1
0,3,29.44047619047619,0.0,0.0,645,2.2027647577118348,47,0,0,1
0,3,24.0,1.0986122886681098,0.0,519,3.224857896545748,47,1,0,1
0,3,19.0,0.0,0.0,352,2.1855792552411137,47,1,0,1
0,3,29.0,0.0,1.0986122886681098,395,3.0944457464900235,47,0,0,1
0,3,29.44047619047619,0.0,0.0,207,2.1076888046179385,47,1,0,0
1,3,32.0,0.0,0.0,415,2.180891922715322,47,1,0,1
1,2,56.0,0.0,0.0,624,2.4423470353692043,47,1,0,1
1,1,53.0,1.0986122886681098,0.0,60,3.960416900617205,48,0,0,1
1,1,36.0,0.0,0.0,578,3.3100867049215847,121,1,0,1
1,3,29.44047619047619,0.0,0.0,77,2.169053700369523,47,0,1,0
0,3,16.0,0.0,0.0,520,2.2027647577118348,47,1,0,1
0,3,19.0,0.0,0.0,420,2.740840023925201,47,1,0,1
1,2,34.0,0.0,0.0,143,2.6390573296152584,47,0,0,1
1,1,39.0,0.6931471805599453,0.0,72,4.041295341132285,128,0,0,1
0,3,29.44047619047619,0.6931471805599453,0.0,209,2.738146075922933,47,0,0,0
1,3,32.0,0.0,0.0,661,2.188856327665703,47,1,0,1
1,2,25.0,0.6931471805599453,0.6931471805599453,133,3.4339872044851463,47,0,0,1
1,1,39.0,0.6931471805599453,0.6931471805599453,83,4.717456363787216,75,0,0,0
0,2,54.0,0.0,0.0,226,3.295836866004329,47,1,0,1
0,1,36.0,0.0,0.0,68,3.716616209085536,0,1,0,0
0,3,29.44047619047619,0.0,0.0,291,2.2734137156937657,47,1,0,0
1,1,18.0,0.0,1.0986122886681098,1,4.390118804571218,135,0,0,1
0,2,47.0,0.0,0.0,129,2.772588722239781,47,1,0,1
1,1,56.0,0.6931471805599453,0.6931471805599453,74,4.384523514872469,29,1,0,0
0,3,22.0,0.0,0.0,79,2.2027647577118348,47,1,0,1
0,3,29.44047619047619,0.0,0.0,515,2.2027647577118348,47,1,0,1
0,3,35.0,0.0,0.0,656,2.1071782966514356,47,1,0,1
1,1,52.0,0.6931471805599453,0.0,454,4.37281811610993,96,0,0,0
0,3,47.0,0.0,0.0,532,2.1102132003465894,47,1,0,1
0,3,29.44047619047619,0.0,1.0986122886681098,434,2.169053700369523,47,0,1,0
0,2,37.0,0.6931471805599453,0.0,626,3.295836866004329,47,1,0,1
0,3,36.0,0.6931471805599453,0.6931471805599453,307,3.224857896545748,47,1,0,1
1,2,29.44047619047619,0.0,0.0,155,3.5263605246161616,47,0,0,1
0,3,49.0,0.0,0.0,574,2.1071782966514356,47,1,0,1
0,3,29.44047619047619,0.0,0.0,192,2.1071782966514356,47,1,0,0
1,1,49.0,0.6931471805599453,0.0,584,4.0592215752427645,4,1,0,0
1,2,24.0,1.0986122886681098,0.6931471805599453,142,3.332204510175204,47,0,0,1
0,3,29.44047619047619,0.0,0.0,360,2.1855792552411137,47,1,0,1
0,1,29.44047619047619,0.0,0.0,46,3.770459441106359,47,1,0,1
0,3,44.0,0.0,0.0,430,2.2027647577118348,47,1,0,1
1,1,35.0,0.0,0.0,9,3.3160025355989236,47,1,0,0
0,3,36.0,0.6931471805599453,0.0,396,2.806386101823072,47,1,0,1
0,3,30.0,0.0,0.0,385,2.1855792552411137,47,1,0,1
1,1,27.0,0.0,0.0,50,3.449987545831587,47,1,0,1
1,2,22.0,0.6931471805599453,1.0986122886681098,634,3.7513658711253766,47,0,0,0
1,1,40.0,0.0,0.0,588,4.728088015994874,57,0,0,1
0,3,39.0,0.6931471805599453,1.0986122886681098,333,3.4742929367327062,47,0,0,1
0,3,29.44047619047619,0.0,0.0,638,2.1071782966514356,47,1,0,1
1,3,29.44047619047619,0.6931471805599453,0.0,444,2.803360380906535,47,0,1,0
0,3,29.44047619047619,0.0,0.0,467,2.169053700369523,47,1,1,0
0,3,35.0,0.0,0.0,431,2.2027647577118348,47,1,0,1
1,2,24.0,0.6931471805599453,1.0986122886681098,106,4.189654742026425,47,0,0,1
0,3,34.0,0.6931471805599453,0.6931471805599453,331,2.7343675094195836,47,1,0,1
0,3,26.0,0.6931471805599453,0.0,536,2.8390784635086144,47,0,0,1
1,2,4.0,1.0986122886681098,0.6931471805599453,114,3.6888794541139363,144,0,0,1
0,2,26.0,0.0,0.0,253,2.4423470353692043,47,1,0,1
0,3,27.0,0.6931471805599453,0.0,188,2.737880811060884,47,1,0,0
1,1,42.0,0.6931471805599453,0.0,56,3.9806942251907276,95,1,0,1
1,3,20.0,0.6931471805599453,0.6931471805599453,187,2.817902613071225,47,1,0,0
0,3,21.0,0.0,0.0,400,2.180891922715322,47,1,0,1
0,3,21.0,0.0,0.0,495,2.8390784635086144,47,1,0,1
0,1,56.0,0.0,0.0,455,3.5061818266142577,110,1,0,1
0,2,56.0,0.0,0.0,104,2.5915163848462583,47,1,1,0
1,1,21.0,0.0,0.0,71,4.368919865004903,114,0,0,1
0,3,26.0,0.0,0.0,369,2.1855792552411137,47,1,0,1
0,3,29.44047619047619,0.0,0.0,286,2.167143305297764,47,1,1,0
1,1,56.0,0.0,0.0,218,3.4339872044851463,5,1,0,1
0,3,51.0,0.0,0.0,345,2.1071782966514356,47,1,0,1
1,1,32.0,0.0,0.0,70,3.449987545831587,33,1,0,0
0,1,29.44047619047619,0.0,0.0,13,2.1071782966514356,47,1,0,1
0,3,9.0,1.3862943611198906,1.0986122886681098,337,3.3638415951183864,47,0,0,1
1,2,28.0,0.0,0.0,130,2.6390573296152584,47,0,0,1
0,3,32.0,0.0,0.0,664,2.188856327665703,47,1,0,1
0,2,31.0,0.6931471805599453,0.6931471805599453,556,3.305053521109253,47,1,0,1
0,3,41.0,0.0,1.0986122886681098,249,3.705920919968788,47,0,0,1
0,3,29.44047619047619,0.6931471805599453,0.0,476,2.8390784635086144,47,1,0,1
0,3,20.0,0.0,0.0,409,2.180891922715322,47,1,0,1
1,1,24.0,0.0,0.0,581,4.252771798816619,24,0,0,0
0,3,4.0,1.3862943611198906,1.0986122886681098,337,3.3638415951183864,47,0,0,1
1,3,29.44047619047619,0.0,0.0,80,4.05171190165724,47,1,0,1
1,3,4.0,1.0986122886681098,0.6931471805599453,194,3.0085645861193133,47,0,0,0
1,1,48.0,0.6931471805599453,0.0,587,4.353230991152628,101,1,0,0
0,3,19.0,0.0,0.0,373,2.1855792552411137,47,1,0,1
1,1,56.0,0.0,0.0,69,3.597312260588446,7,1,0,0
0,3,29.44047619047619,0.0,0.0,620,2.145931282948669,47,1,0,1
1,3,23.0,0.0,0.0,567,2.145931282948669,47,0,0,1
0,3,29.44047619047619,0.0,0.0,366,2.1855792552411137,47,1,0,1
1,2,18.0,0.0,0.6931471805599453,117,3.1780538303479458,47,0,0,1
0,3,21.0,0.0,0.0,512,2.2442459824059346,47,1,0,1
1,3,29.44047619047619,0.0,0.0,277,2.17806441028492,47,0,1,0
0,3,18.0,0.0,0.0,439,2.1071782966514356,47,0,1,0
0,2,24.0,1.0986122886681098,0.0,621,4.310799125385514,47,1,0,1
0,3,29.44047619047619,0.0,0.0,368,2.1855792552411137,47,1,0,1
0,3,32.0,0.6931471805599453,0.6931471805599453,435,2.803360380906535,47,0,1,0
0,2,23.0,0.0,0.0,241,2.6390573296152584,47,1,0,1
0,1,56.0,0.0,1.0986122886681098,416,4.728088015994874,108,1,0,0
1,1,50.0,1.0986122886681098,0.0,605,4.728088015994874,47,1,0,1
0,3,40.0,0.0,0.0,172,2.1071782966514356,47,1,0,0
0,1,47.0,0.0,0.0,496,3.2804411805263554,132,1,0,1
0,3,36.0,0.0,0.0,357,2.139571923732859,47,1,0,1
1,3,20.0,0.6931471805599453,0.0,660,2.188856327665703,47,1,0,1
0,2,32.0,1.0986122886681098,0.0,621,4.310799125385514,47,1,0,1
0,2,25.0,0.0,0.0,123,2.6390573296152584,47,1,0,1
0,3,29.44047619047619,0.0,0.0,256,2.1719067693519296,47,1,0,1
0,3,43.0,0.0,0.0,529,2.2027647577118348,47,1,0,1
1,1,29.44047619047619,0.6931471805599453,0.0,99,3.970291913552122,58,0,0,1
1,2,40.0,0.6931471805599453,0.6931471805599453,240,3.6888794541139363,47,0,0,1
0,1,31.0,0.6931471805599453,0.0,569,3.970291913552122,38,1,0,1
0,2,56.0,0.0,0.0,550,2.4423470353692043,47,1,0,1
1,2,31.0,0.0,0.0,145,2.6390573296152584,47,1,0,1
0,2,29.44047619047619,0.0,0.0,138,2.1071782966514356,47,1,0,1
0,3,18.0,0.0,0.0,397,2.1719067693519296,47,1,0,1
0,3,24.5,0.0,0.0,294,2.2027647577118348,47,1,0,1
1,3,18.0,0.0,0.0,493,2.3833998102837652,47,0,0,1
0,3,43.0,0.6931471805599453,1.0986122886681098,566,3.8691155044168695,47,0,0,1
1,1,36.0,0.0,0.6931471805599453,608,4.728088015994874,34,1,0,0
0,3,29.44047619047619,0.0,0.0,281,2.212386825075897,47,0,1,0
1,1,27.0,0.0,0.0,587,4.353230991152628,109,1,0,0
0,3,20.0,0.0,0.0,500,2.3248357019288655,47,1,0,1
0,3,14.0,1.3862943611198906,1.0986122886681098,566,3.8691155044168695,47,1,0,1
0,2,56.0,0.6931471805599453,0.6931471805599453,240,3.6888794541139363,47,1,0,1
0,2,25.0,0.6931471805599453,1.0986122886681098,634,3.7513658711253766,47,1,0,0
0,3,14.0,1.3862943611198906,0.6931471805599453,249,3.705920919968788,47,1,0,1
0,3,19.0,0.0,0.0,372,2.4133032309283076,47,1,0,1
0,3,18.0,0.0,0.0,403,2.174274334826008,47,1,0,1
1,1,15.0,0.0,0.6931471805599453,141,4.728088015994874,32,0,0,1
1,1,31.0,0.6931471805599453,0.0,89,4.060443010546419,19,1,0,1
1,3,4.0,0.0,0.6931471805599453,393,2.668387256845834,47,0,0,0
1,3,29.44047619047619,0.0,0.0,80,4.05171190165724,47,1,0,1
0,3,25.0,0.0,0.0,200,2.1071782966514356,47,1,0,0
0,1,56.0,0.0,0.0,48,3.3160025355989236,47,1,0,1
0,2,52.0,0.0,0.0,156,2.6741486494265287,47,1,0,1
0,3,44.0,0.0,0.0,425,2.2027647577118348,47,1,0,1
1,3,29.44047619047619,0.0,0.0,419,2.167143305297764,47,0,1,0
0,1,49.0,0.6931471805599453,0.6931471805599453,83,4.717456363787216,75,1,0,0
0,3,42.0,0.0,0.0,346,2.157559320943788,139,1,0,1
1,1,18.0,0.6931471805599453,0.0,610,4.728088015994874,73,0,0,0
1,1,35.0,0.0,0.0,579,3.3064287218760624,120,1,0,1
0,3,18.0,0.0,0.6931471805599453,211,2.737880811060884,47,0,0,0
0,3,25.0,0.0,0.0,449,2.1681046787623672,47,1,1,0
0,3,26.0,0.6931471805599453,0.0,398,2.180891922715322,47,1,0,1
0,2,39.0,0.0,0.0,170,3.295836866004329,47,1,0,1
1,2,45.0,0.0,0.0,108,2.6741486494265287,47,0,0,1
1,1,42.0,0.0,0.0,580,3.3064287218760624,120,1,0,1
1,1,22.0,0.0,0.0,37,4.728088015994874,47,0,0,1
1,3,29.44047619047619,0.6931471805599453,0.6931471805599453,189,2.7878344138303452,47,1,0,0
1,1,24.0,0.0,0.0,582,3.922056501139853,84,0,0,0
0,1,29.44047619047619,0.0,0.0,19,3.3160025355989236,56,1,0,1
1,1,48.0,0.6931471805599453,0.0,99,3.970291913552122,58,1,0,1
0,3,29.0,0.0,0.0,506,2.3497835148230464,47,1,0,1
0,2,52.0,0.0,0.0,164,2.6390573296152584,47,1,0,1
0,3,19.0,0.0,0.0,348,2.157559320943788,140,1,0,1
1,1,38.0,0.0,0.0,610,4.728088015994874,66,0,0,0
1,2,27.0,0.0,0.0,293,2.4423470353692043,116,0,0,1
0,3,29.44047619047619,0.0,0.0,440,2.803360380906535,47,1,1,0
0,3,33.0,0.0,0.0,319,2.1719067693519296,47,1,0,1
1,2,6.0,0.0,0.6931471805599453,155,3.5263605246161616,47,0,0,1
0,3,17.0,0.6931471805599453,0.0,408,2.1071782966514356,47,1,0,1
0,2,34.0,0.0,0.0,65,2.6390573296152584,47,1,0,1
0,2,50.0,0.0,0.0,161,2.6390573296152584,47,1,0,1
1,1,27.0,0.6931471805599453,0.0,51,3.9908341858524357,137,1,0,1
0,3,20.0,0.0,0.0,266,2.2682524139135403,47,1,0,1
1,2,30.0,1.3862943611198906,0.0,252,3.091042453358316,47,0,0,1
1,3,29.44047619047619,0.0,0.0,451,2.1676241075599285,47,0,1,0
0,2,25.0,0.6931471805599453,0.0,127,3.295836866004329,47,1,0,1
0,3,25.0,0.6931471805599453,0.0,667,2.188856327665703,47,0,0,1
1,1,29.0,0.0,0.0,141,4.728088015994874,32,0,0,1
0,3,11.0,0.0,0.0,216,2.9850504252071306,47,1,0,0
0,2,29.44047619047619,0.0,0.0,137,2.1071782966514356,47,1,0,1
0,2,23.0,0.0,0.0,228,2.6390573296152584,47,1,0,1
0,2,23.0,0.0,0.0,119,2.6390573296152584,47,1,0,1
0,3,28.5,0.0,0.0,495,2.8390784635086144,47,1,0,1
0,3,48.0,0.6931471805599453,1.0986122886681098,676,3.5660053559634015,47,0,0,1
1,1,35.0,0.0,0.0,608,4.728088015994874,15,1,0,0
0,3,29.44047619047619,0.0,0.0,349,2.1855792552411137,47,1,0,1
0,3,29.44047619047619,0.0,0.0,364,2.1855792552411137,47,1,0,1
1,1,29.44047619047619,0.0,0.0,82,3.4339872044851463,105,1,0,1
0,1,36.0,0.6931471805599453,0.0,91,4.380149874661021,67,1,0,1
1,1,21.0,1.0986122886681098,1.0986122886681098,602,4.728088015994874,35,0,0,0
0,3,24.0,0.6931471805599453,0.0,477,2.8390784635086144,47,1,0,1
1,3,31.0,0.0,0.0,662,2.188856327665703,47,1,0,1
0,1,56.0,0.6931471805599453,0.6931471805599453,680,4.276666119016055,20,1,0,1
0,3,16.0,0.6931471805599453,0.6931471805599453,551,3.056356895370426,47,1,0,1
1,2,30.0,0.0,0.0,165,2.6390573296152584,47,0,0,1
0,1,19.0,0.6931471805599453,0.0,35,3.9908341858524357,100,1,0,1
0,3,31.0,0.0,0.0,287,2.169053700369523,47,1,1,0
1,2,4.0,0.6931471805599453,0.6931471805599453,234,3.1780538303479458,47,0,0,1
1,3,6.0,0.0,0.6931471805599453,486,2.600836116795061,118,1,0,1
0,3,33.0,0.0,0.0,312,2.3513752571634776,47,1,0,1
0,3,23.0,0.0,0.0,351,2.1855792552411137,47,1,0,1
1,2,48.0,0.6931471805599453,1.0986122886681098,106,4.189654742026425,47,0,0,1
1,2,4.0,0.6931471805599453,0.6931471805599453,166,2.740840023925201,47,1,0,1
0,3,28.0,0.0,0.0,404,2.174274334826008,47,1,0,1
0,2,18.0,0.0,0.0,238,2.5257286443082556,47,1,0,1
0,3,34.0,0.0,0.0,424,2.2027647577118348,47,1,0,1
1,1,33.0,0.0,0.0,0,4.471638793363569,40,0,0,1
0,3,29.44047619047619,0.0,0.0,420,2.740840023925201,47,1,0,1
0,3,41.0,0.0,0.0,646,2.1071782966514356,47,1,0,1
1,3,20.0,0.0,0.0,191,2.1076888046179385,47,1,0,0
1,1,36.0,0.6931471805599453,1.0986122886681098,33,4.728088015994874,47,0,0,1
0,3,16.0,0.0,0.0,327,2.1719067693519296,47,1,0,1
1,1,51.0,0.6931471805599453,0.0,71,4.368919865004903,92,0,0,1
0,1,29.44047619047619,0.0,0.0,18,3.703768066607687,47,1,0,0
0,3,30.5,0.0,0.0,436,2.169053700369523,47,0,1,0
0,3,29.44047619047619,0.6931471805599453,0.0,469,3.224857896545748,47,1,1,0
0,3,32.0,0.0,0.0,511,2.236712348843338,47,1,0,1
0,3,24.0,0.0,0.0,313,2.3513752571634776,47,1,0,1
0,3,48.0,0.0,0.0,407,2.180891922715322,47,1,0,1
0,2,56.0,0.0,0.0,619,2.4423470353692043,136,0,0,1
0,3,29.44047619047619,0.0,0.0,201,2.1071782966514356,47,1,0,0
1,2,54.0,0.6931471805599453,1.0986122886681098,236,3.1780538303479458,47,0,0,1
0,3,18.0,0.0,0.0,330,2.169053700369523,47,1,0,1
0,3,29.44047619047619,0.0,0.0,481,2.169053700369523,143,1,1,0
1,3,5.0,0.0,0.0,432,2.600836116795061,47,0,0,1
0,3,29.44047619047619,0.0,0.0,450,2.1676241075599285,47,1,1,0
1,1,43.0,0.0,0.6931471805599453,141,4.728088015994874,22,0,0,1
1,3,13.0,0.0,0.0,208,2.1076888046179385,47,0,0,0
1,1,17.0,0.6931471805599453,0.0,89,4.060443010546419,19,0,0,1
0,1,29.0,0.0,0.0,26,3.4339872044851463,112,1,0,1
0,3,29.44047619047619,0.6931471805599453,1.0986122886681098,675,3.196630215920881,47,1,0,1
0,3,25.0,0.0,0.0,643,2.1071782966514356,47,1,0,1
0,3,25.0,0.0,0.0,474,2.1102132003465894,47,1,0,1
1,3,18.0,0.0,0.0,243,2.139571923732859,47,0,0,1
0,3,8.0,1.3862943611198906,0.6931471805599453,480,3.405355391810819,47,1,1,0
1,3,4.0,0.6931471805599453,1.0986122886681098,548,3.0715352369694915,47,1,0,1
0,1,46.0,0.0,0.0,592,4.384523514872469,44,1,0,0
0,3,29.44047619047619,0.0,0.0,66,2.169053700369523,47,1,1,0
0,2,16.0,0.0,0.0,139,3.295836866004329,47,1,0,1
0,3,29.44047619047619,1.3862943611198906,1.0986122886681098,568,4.256321678298823,47,0,0,1
0,1,29.44047619047619,0.0,0.0,597,3.4561841799918147,47,1,0,0
0,3,25.0,0.0,0.0,350,2.1855792552411137,47,1,0,1
0,2,39.0,0.0,0.0,223,2.6390573296152584,47,1,0,1
1,1,49.0,0.0,0.0,87,3.2932111997353943,94,0,0,1
1,3,31.0,0.0,0.0,383,2.270402752283094,47,0,0,1
0,3,30.0,0.0,0.0,206,2.1076888046179385,47,1,0,0
0,3,30.0,0.6931471805599453,0.6931471805599453,307,3.224857896545748,47,0,0,1
0,2,34.0,0.0,0.0,164,2.6390573296152584,47,1,0,1
1,2,31.0,0.6931471805599453,0.6931471805599453,556,3.305053521109253,47,0,0,1
1,1,11.0,0.6931471805599453,1.0986122886681098,33,4.728088015994874,47,1,0,1
1,3,4.0,0.0,0.6931471805599453,174,2.2530481500547457,47,1,0,0
1,3,27.0,0.0,0.0,338,2.1071782966514356,47,1,0,1
0,3,31.0,0.0,0.0,320,2.1719067693519296,47,1,0,1
0,1,39.0,0.0,0.0,12,2.1071782966514356,11,1,0,1
0,3,18.0,0.0,0.0,336,2.1719067693519296,47,0,0,1
0,2,39.0,0.0,0.0,154,2.6390573296152584,47,1,0,1
1,1,33.0,0.6931471805599453,0.0,51,3.9908341858524357,137,0,0,1
0,3,26.0,0.0,0.0,339,2.184645795129359,47,1,0,1
0,3,39.0,0.0,0.0,519,3.224857896545748,47,1,0,1
0,2,35.0,0.0,0.0,222,2.4423470353692043,47,1,0,1
0,3,6.0,1.3862943611198906,1.0986122886681098,333,3.4742929367327062,47,0,0,1
0,3,30.5,0.0,0.0,427,2.2027647577118348,47,1,0,1
0,1,29.44047619047619,0.0,0.0,15,2.1071782966514356,16,1,0,1
0,3,23.0,0.0,0.0,671,2.188856327665703,47,0,0,1
0,2,31.0,0.6931471805599453,0.6931471805599453,618,3.637696679934592,47,1,0,0
0,3,43.0,0.0,0.0,543,2.1071782966514356,47,1,0,1
0,3,10.0,1.3862943611198906,1.0986122886681098,337,3.3638415951183864,47,1,0,1
1,1,52.0,0.6931471805599453,0.6931471805599453,67,4.548599834499697,37,0,0,1
1,3,27.0,0.0,0.0,269,2.2682524139135403,47,1,0,1
0,1,38.0,0.0,0.0,97,2.1071782966514356,47,1,0,1
1,3,27.0,0.0,0.6931471805599453,486,2.600836116795061,118,0,0,1
0,3,4.0,1.3862943611198906,0.6931471805599453,249,3.705920919968788,47,1,0,1
0,3,29.44047619047619,0.0,0.0,448,2.1071782966514356,47,1,1,0
0,3,29.44047619047619,0.0,0.0,80,4.05171190165724,47,1,0,1
1,2,4.0,0.0,1.0986122886681098,618,3.637696679934592,47,1,0,0
1,3,29.44047619047619,0.0,0.0,442,2.169053700369523,47,1,1,0
1,1,56.0,0.0,0.0,32,4.394449154672439,21,0,0,1
1,3,15.0,0.6931471805599453,0.0,188,2.737880811060884,47,0,0,0
1,2,4.0,0.6931471805599453,0.6931471805599453,237,2.9831534913471307,47,1,0,1
0,3,29.44047619047619,0.0,0.0,199,2.1076888046179385,47,1,0,0
0,3,23.0,0.0,0.0,342,2.180891922715322,47,1,0,1
0,3,18.0,0.0,0.0,107,2.2300144001592104,47,1,0,1
1,1,39.0,0.6931471805599453,0.6931471805599453,609,4.432699549165613,130,0,0,0
0,3,21.0,0.0,0.0,268,2.2682524139135403,47,1,0,1
0,3,29.44047619047619,0.0,0.0,485,2.2027647577118348,47,1,0,1
1,3,32.0,0.0,0.0,80,4.05171190165724,47,1,0,1
1,1,29.44047619047619,0.0,0.0,62,3.4242626545931514,68,1,0,0
0,3,20.0,0.0,0.0,647,2.188856327665703,47,1,0,1
0,2,16.0,0.0,0.0,619,2.4423470353692043,47,1,0,1
1,1,30.0,0.0,0.0,47,3.4657359027997265,47,0,0,0
0,3,34.5,0.0,0.0,205,2.1071782966514356,47,1,0,0
0,3,17.0,0.0,0.0,264,2.2682524139135403,47,1,0,1
0,3,42.0,0.0,0.0,563,2.145931282948669,47,1,0,1
0,3,29.44047619047619,1.3862943611198906,1.0986122886681098,568,4.256321678298823,47,1,0,1
0,3,35.0,0.0,0.0,359,2.1855792552411137,47,1,0,0
0,2,28.0,0.0,0.6931471805599453,155,3.5263605246161616,47,1,0,1
1,1,29.44047619047619,0.6931471805599453,0.0,84,4.500966778400217,86,0,0,0
0,3,4.0,1.3862943611198906,1.0986122886681098,333,3.4742929367327062,47,1,0,1
0,3,56.0,0.0,0.0,317,2.1719067693519296,47,1,0,1
0,3,9.0,0.6931471805599453,0.6931471805599453,203,2.7878344138303452,47,0,0,0
1,1,16.0,0.0,0.6931471805599453,591,3.6988297849671046,99,0,0,1
0,2,44.0,0.6931471805599453,0.0,144,3.295836866004329,47,0,0,1
1,3,18.0,0.0,0.6931471805599453,484,2.336986519711378,47,0,0,1
1,1,45.0,0.6931471805599453,0.6931471805599453,453,4.728088015994874,47,0,0,1
1,1,51.0,0.0,0.0,23,3.3160025355989236,119,1,0,1
1,3,24.0,0.0,1.0986122886681098,194,3.0085645861193133,47,0,0,0
0,3,29.44047619047619,0.0,0.0,178,2.1076888046179385,47,1,0,0
0,3,41.0,1.0986122886681098,0.0,399,2.7152442616824506,47,1,0,1
0,2,21.0,0.6931471805599453,0.0,221,2.5257286443082556,47,1,0,1
1,1,48.0,0.0,0.0,88,3.2932111997353943,94,0,0,1
0,3,29.44047619047619,1.3862943611198906,1.0986122886681098,568,4.256321678298823,47,0,0,1
0,2,24.0,0.0,0.0,120,2.6390573296152584,47,1,0,1
1,2,42.0,0.0,0.0,126,2.6390573296152584,47,0,0,1
1,2,27.0,0.6931471805599453,0.0,632,2.698558631668595,47,0,0,0
0,1,31.0,0.0,0.0,590,3.941500250945973,6,1,0,1
0,3,29.44047619047619,0.0,0.0,309,2.3513752571634776,47,1,0,1
1,3,4.0,0.6931471805599453,0.6931471805599453,344,2.495953738718064,47,1,0,1
0,3,26.0,0.0,0.0,387,2.1855792552411137,47,1,0,1
1,1,47.0,0.6931471805599453,0.6931471805599453,54,3.9806942251907276,102,0,0,1
0,1,33.0,0.0,0.0,502,2.1071782966514356,34,1,0,1
0,3,47.0,0.0,0.0,303,2.302585092994046,47,1,0,1
1,2,28.0,0.6931471805599453,0.0,575,3.2188758248682006,47,0,0,0
1,3,15.0,0.0,0.0,195,2.1071782966514356,47,0,0,0
0,3,20.0,0.0,0.0,504,2.3837779082709782,47,1,0,1
0,3,19.0,0.0,0.0,358,2.1855792552411137,47,1,0,1
0,3,29.44047619047619,0.0,0.0,363,2.1855792552411137,47,1,0,1
1,1,56.0,0.0,0.6931471805599453,59,4.432699549165613,70,0,0,0
1,2,25.0,0.0,0.6931471805599453,115,3.295836866004329,47,0,0,1
0,3,33.0,0.0,0.0,394,2.1855792552411137,47,1,0,1
0,3,22.0,0.0,0.0,508,2.4437981558973862,47,0,0,1
0,2,28.0,0.0,0.0,565,2.4423470353692043,47,1,0,1
0,3,25.0,0.0,0.0,650,2.1071782966514356,47,1,0,1
0,3,39.0,0.0,1.0986122886681098,480,3.405355391810819,47,0,1,0
0,2,27.0,0.0,0.0,101,2.6390573296152584,47,1,0,1
1,1,19.0,0.0,0.0,14,3.4339872044851463,30,0,0,1
0,3,29.44047619047619,0.6931471805599453,1.0986122886681098,675,3.196630215920881,47,0,0,1
1,1,26.0,0.0,0.0,8,3.4339872044851463,60,1,0,0
0,3,32.0,0.0,0.0,466,2.169053700369523,47,1,1,0
